[
  {
    "_id": "58eb788bd084d5167a04d4e0",
    "_parentId": "58eb788bd084d5167a04d4dd",
    "_type": "article",
    "_isAvailable": true,
    "_isOptional": false,
    "_classes": "",
    "body": "",
    "displayTitle": "",
    "title": " "
  },
  {
    "_id": "590b31aad084d5167a04e15a",
    "_parentId": "590b31aad084d5167a04e156",
    "_type": "article",
    "_isAvailable": true,
    "_isOptional": false,
    "_classes": "",
    "body": "",
    "displayTitle": "",
    "title": " "
  },
  {
    "_id": "58eb788bd084d5167a04d4e1",
    "_parentId": "58eb788bd084d5167a04d4dc",
    "_type": "article",
    "_isAvailable": true,
    "_isOptional": false,
    "_classes": "",
    "body": "",
    "displayTitle": "",
    "title": " "
  },
  {
    "_id": "58fe138dd084d5167a04e033",
    "_parentId": "58eb788bd084d5167a04d4dc",
    "_type": "article",
    "_isAvailable": true,
    "_isOptional": false,
    "_classes": "",
    "body": "",
    "displayTitle": " ",
    "title": " "
  },
  {
    "_id": "58ff42e3d084d5167a04e0e0",
    "_parentId": "58eb788bd084d5167a04d4dd",
    "_type": "article",
    "_isAvailable": true,
    "_isOptional": false,
    "_classes": "",
    "body": "",
    "displayTitle": " ",
    "title": " "
  },
  {
    "_id": "590b31aad084d5167a04e158",
    "_parentId": "590b31aad084d5167a04e156",
    "_type": "article",
    "_isAvailable": true,
    "_isOptional": false,
    "_classes": "",
    "body": "",
    "displayTitle": " ",
    "title": " "
  },
  {
    "_id": "58fe139cd084d5167a04e035",
    "_parentId": "58eb788bd084d5167a04d4dc",
    "_type": "article",
    "_isAvailable": true,
    "_isOptional": false,
    "_classes": "",
    "body": "",
    "displayTitle": " ",
    "title": " "
  },
  {
    "_id": "58ff42bdd084d5167a04e0d9",
    "_parentId": "58eb788bd084d5167a04d4dd",
    "_type": "article",
    "_isAvailable": true,
    "_isOptional": false,
    "_classes": "",
    "body": "",
    "displayTitle": " ",
    "title": " "
  },
  {
    "_id": "590b31aad084d5167a04e159",
    "_parentId": "590b31aad084d5167a04e156",
    "_type": "article",
    "_isAvailable": true,
    "_isOptional": false,
    "_classes": "",
    "body": "",
    "displayTitle": " ",
    "title": " "
  }
]